id,first_name,ip_address
Saturn,L-Series,2005
Mercury,Sable,1989
Buick,LaCrosse,2009
Honda,Accord Crosstour,2011
Lincoln,Town Car,1997
Nissan,GT-R,2009
Chevrolet,Silverado 2500,2010
Ford,Mustang,2013
Ford,Econoline E250,1995
Chevrolet,Sportvan G30,1996
Acura,MDX,2004
Ford,Escort,1987
Mazda,Familia,1987
Honda,S2000,2004
Lexus,GS,1995
Suzuki,Grand Vitara,2012
Isuzu,Rodeo,2000
Jaguar,XF,2010
GMC,Yukon XL 2500,2011
Plymouth,Colt Vista,1993
Ford,Explorer,2004
Toyota,Avalon,2008
Subaru,Forester,2008
Lexus,IS,2005
Maybach,57,2003
Ford,Freestyle,2005
Toyota,T100 Xtra,1996
GMC,Sierra 2500,2004
Chevrolet,Tahoe,2008
Mercedes-Benz,SL-Class,2006
Suzuki,Grand Vitara,2007
Lincoln,Navigator,1998
Hyundai,Scoupe,1993
Audi,A6,1997
Lincoln,Town Car,2010
Geo,Storm,1993
Mazda,Familia,1985
Cadillac,Eldorado,1998
Mercedes-Benz,500E,1992
Mercury,Mountaineer,2007
Mercury,Grand Marquis,2007
Nissan,200SX,1998
Mercedes-Benz,SLR McLaren,2008
Aston Martin,DB9,2006
Oldsmobile,Cutlass Supreme,1997
Lincoln,Continental Mark VII,1990
Toyota,Tacoma,2000
Lincoln,Town Car,2010
MINI,Cooper Clubman,2012
Honda,CR-V,2003
Porsche,Cayenne,2012
Pontiac,Sunbird,1990
Porsche,911,1996
Chevrolet,Avalanche 1500,2006
Ford,Explorer Sport Trac,2006
Toyota,T100,1996
BMW,M3,2006
Volkswagen,R32,2009
Daewoo,Leganza,1999
Suzuki,Swift,1989
Acura,TL,1997
Nissan,Altima,2004
Pontiac,Sunfire,1995
Ford,Laser,1985
Dodge,Ram Van 3500,2003
MINI,Cooper,2009
Chevrolet,Venture,2000
Chevrolet,Blazer,1998
Mercedes-Benz,E-Class,2009
Lincoln,Navigator,1998
Mercury,Mountaineer,2003
Volkswagen,Jetta,2002
Chevrolet,Tahoe,1997
Mazda,Protege,2001
Pontiac,LeMans,1993
Pontiac,Grand Am,1997
Mercury,Tracer,1994
GMC,Sierra 3500,2005
Volvo,S60,2011
Cadillac,DTS,2009
Pontiac,6000,1987
Pontiac,6000,1986
GMC,Sierra 1500,2001
Chevrolet,Corvette,1958
Audi,TT,2003
Toyota,Previa,1995
Oldsmobile,Cutlass Supreme,1997
Mazda,B-Series,1989
Kia,Sedona,2005
Toyota,RAV4,2004
Ford,F150,1997
Nissan,350Z,2005
Toyota,RAV4,2010
Infiniti,EX,2010
Ford,Mustang,2006
Volvo,C70,2001
Chevrolet,Corvette,1970
Eagle,Vision,1996
Suzuki,XL-7,2005
Chevrolet,G-Series G20,1993
Infiniti,G,1992
Mitsubishi,Lancer Evolution,2004
Chevrolet,Express 3500,1999
Kia,Sportage,2005
Volkswagen,GTI,2000
Mercury,Grand Marquis,1990
Toyota,Tacoma,2003
Aston Martin,Vanquish S,2005
BMW,Z3,1999
Mercury,Milan,2010
Jaguar,XJ Series,1998
Dodge,Ram Van B350,1992
Nissan,Xterra,2011
GMC,Vandura 2500,1993
GMC,Yukon XL 1500,2007
Chevrolet,HHR,2007
Dodge,Durango,2011
Chevrolet,3500,2000
Buick,Riviera,1997
Nissan,Rogue,2011
GMC,2500,1992
Porsche,944,1988
Infiniti,G25,2011
Mercury,Topaz,1985
Mitsubishi,Galant,1992
Dodge,Grand Caravan,2012
Nissan,Quest,2007
Chevrolet,Caprice,1983
Dodge,Ram Van B250,1994
Infiniti,FX,2010
Infiniti,G,2010
Volvo,V70,2001
Toyota,Avalon,2007
Subaru,Impreza,1995
Chevrolet,Astro,1992
Volvo,XC90,2005
Mitsubishi,GTO,1992
Infiniti,J,1995
Kia,Optima,2009
Lexus,LS,2004
BMW,760,2004
Jeep,Commander,2006
Volkswagen,Golf,1997
Morgan,Aero 8,2007
Ford,Escort,1986
Scion,tC,2007
Toyota,Avalon,2006
Scion,xA,2004
Volvo,S70,1999
Austin,Mini,1963
Ford,Taurus,2013
Toyota,RAV4,2003
Ford,F150,1993
Chevrolet,Express 3500,2002
Dodge,Ram 1500 Club,1995
Mazda,Protege,2000
Mercedes-Benz,W126,1981
GMC,Rally Wagon G3500,1996
Buick,LaCrosse,2005
Mazda,Navajo,1994
Mercedes-Benz,C-Class,2010
Mitsubishi,Eclipse,1989
Mitsubishi,Pajero,1995
Acura,SLX,1997
Mitsubishi,Eclipse,1997
Mercury,Grand Marquis,2008
Pontiac,Bonneville,1992
Eagle,Talon,1992
Chevrolet,Corvette,1956
Mitsubishi,Endeavor,2008
Lincoln,MKZ,2012
Buick,Century,2000
GMC,Suburban 1500,1992
Dodge,Caliber,2008
Infiniti,QX,2004
Isuzu,Trooper,1995
Volkswagen,New Beetle,2006
Toyota,Land Cruiser,2009
Mitsubishi,Eclipse,1993
Pontiac,Bonneville,1968
Ford,Ranger,1985
GMC,1500 Club Coupe,1994
Mercury,Tracer,1998
Chrysler,LHS,1997
Nissan,Armada,2008
Hillman,Minx Magnificent,1950
Chevrolet,Malibu,1999
Saab,9-3,2011
Nissan,Maxima,2009
Lincoln,Aviator,2005
Lincoln,Navigator,2006
Maserati,Spyder,2003
Nissan,Armada,2005
Honda,Prelude,1999
GMC,Acadia,2012
Saturn,L-Series,2004
Suzuki,Verona,2005
Isuzu,Oasis,1996
Infiniti,QX,2001
Nissan,Titan,2010
Mercedes-Benz,C-Class,2007
Maserati,Quattroporte,2012
Chevrolet,Corvette,1957
Mazda,MX-5,2009
Land Rover,Range Rover,2011
Mitsubishi,Outlander,2005
GMC,Yukon,2000
Buick,Riviera,1997
GMC,3500 Club Coupe,1995
Volkswagen,Golf,2011
Volvo,V70,2007
Nissan,Quest,1997
Mitsubishi,RVR,1994
Lincoln,Continental,1993
Mitsubishi,Pajero,1986
Bentley,Continental,2006
GMC,Sierra 3500HD,2006
Toyota,Camry Hybrid,2010
Volkswagen,GTI,2000
Lincoln,Blackwood,2003
Plymouth,Colt Vista,1992
Acura,RL,2000
Pontiac,Grand Prix,1964
Ford,Econoline E150,1998
Ford,Ranger,1984
Pontiac,Grand Am,1993
Cadillac,SRX,2011
Buick,Roadmaster,1996
Mercedes-Benz,400E,1993
Ford,F250,1995
Honda,Element,2004
BMW,X6,2009
Mercedes-Benz,GLK-Class,2010
Ford,Ranger,1985
Mazda,Mazda6 5-Door,2006
GMC,Suburban 1500,1996
GMC,Sonoma,2000
Mercedes-Benz,GL-Class,2012
Dodge,Stratus,1999
Lincoln,MKX,2012
Toyota,Echo,2003
Porsche,Cayenne,2011
Chevrolet,Suburban,2011
Porsche,Cayman,2006
Ford,Taurus,1995
Jeep,Grand Cherokee,1997
Ford,Thunderbird,1995
Mazda,Familia,1992
Daewoo,Lanos,2001
BMW,600,1957
Volkswagen,New Beetle,2005
Mercedes-Benz,SLK-Class,2010
BMW,X5 M,2010
Porsche,944,1983
Mitsubishi,Chariot,1994
BMW,X6,2012
Chrysler,300,2007
Suzuki,Equator,2009
Dodge,Ram 2500,1999
Toyota,RAV4,2003
Mitsubishi,Outlander,2010
Dodge,Dakota Club,1996
Lincoln,MKZ,2007
Kia,Sedona,2003
Chevrolet,Express 1500,2009
Oldsmobile,Silhouette,2002
Jeep,Wrangler,1993
Lexus,SC,2008
Audi,A4,2012
Pontiac,Grand Prix,2008
Buick,Reatta,1991
Porsche,928,1995
Mitsubishi,GTO,1992
Saab,9-3,2003
Ford,Tempo,1994
Kia,Rio,2007
Chevrolet,Monte Carlo,1999
Ford,Crown Victoria,1993
Ford,LTD,1984
Jeep,Grand Cherokee,1993
Volkswagen,Jetta,2008
Ford,Focus,2013
Chevrolet,Express 1500,2005
Nissan,Altima,2000
Toyota,Tacoma,2000
Mazda,CX-7,2009
GMC,1500 Club Coupe,1993
Eagle,Vision,1997
Cadillac,Fleetwood,1994
Toyota,Matrix,2004
Jeep,Wrangler,2010
Porsche,Cayman,2008
Porsche,911,1998
Pontiac,Trans Sport,1999
GMC,Savana 2500,2009
Subaru,Impreza,2010
Ford,F250,2012
Chevrolet,S10,1996
BMW,525,2006
Honda,Insight,2012
Hyundai,Tiburon,2008
Nissan,Sentra,2003
Toyota,Echo,2001
Audi,riolet,1995
Chevrolet,Blazer,1994
Ford,Escort,1995
Audi,A6,2002
Eagle,Vision,1995
Mazda,CX-7,2011
Land Rover,LR3,2009
Hummer,H3,2010
GMC,Vandura G1500,1995
Dodge,D150,1992
Aston Martin,Vantage,2006
Audi,5000S,1987
Buick,Century,1994
Lotus,Esprit,1992
Toyota,Land Cruiser,2003
Geo,Prizm,1995
Nissan,Sentra,2002
Ford,Expedition,1998
Dodge,Charger,2012
BMW,7 Series,1995
Ford,Thunderbird,1990
Chevrolet,Avalanche,2010
Dodge,Ram 3500,2009
Volkswagen,Touareg,2010
Mercury,Cougar,1999
Volkswagen,Eos,2012
Buick,Regal,1995
Bentley,Continental,2012
Mitsubishi,Eclipse,1989
Mitsubishi,Challenger,2001
Toyota,4Runner,2008
GMC,Savana,2010
Saab,9-3,2007
Toyota,Tundra,2012
Saab,9-2X,2005
Ford,E-350 Super Duty Van,2006
Porsche,Carrera GT,2004
Toyota,Camry Hybrid,2008
BMW,1 Series,2011
Dodge,Ram Van 1500,2003
Mitsubishi,Eclipse,1993
Ford,F-Series Super Duty,2010
Geo,Prizm,1997
Mercury,Villager,1994
Mitsubishi,Montero,1992
Chrysler,Town & Country,2009
Honda,Civic,1989
Dodge,Magnum,2006
Nissan,Altima,2011
Oldsmobile,Bravada,1996
Chrysler,Concorde,1999
Pontiac,Firebird,1967
Jeep,Commander,2009
GMC,Savana 2500,2012
Bentley,Continental GTC,2012
Nissan,Altima,1996
Honda,Ridgeline,2006
Dodge,Intrepid,2000
Audi,A4,2005
Kia,Optima,2006
Kia,Rio,2005
MINI,Cooper,2010
Honda,Odyssey,1999
Ford,Ranger,2007
Dodge,Ram 1500 Club,1995
Lincoln,Town Car,1991
Chevrolet,Avalanche,2002
Lexus,LS,1995
Holden,VS Commodore,1997
Chevrolet,Express 3500,2012
Audi,Cabriolet,1998
Jeep,Liberty,2005
Ford,Aspire,1995
BMW,Z4,2005
Mazda,B-Series Plus,2000
Mazda,B-Series,1991
GMC,Yukon,2008
Toyota,Avalon,2011
Toyota,Land Cruiser,1993
Dodge,Intrepid,1994
Nissan,Altima,2002
Pontiac,Sunfire,2005
Volvo,V70,2009
Dodge,Viper,2005
Oldsmobile,Silhouette,2004
Mercury,Mariner,2011
Ford,Flex,2011
Ford,E-Series,1994
Buick,Enclave,2010
Lexus,ES,2000
Mercedes-Benz,E-Class,1985
Chevrolet,Silverado 1500,2000
Mercury,Cougar,1986
Maybach,57,2006
Ford,LTD Crown Victoria,1990
Volkswagen,Eurovan,2000
Suzuki,Samurai,1993
Mazda,MX-5,2004
Mazda,MX-6,1993
Maserati,Spyder,2003
GMC,Sierra 2500,2007
BMW,Z3,1999
Mitsubishi,Lancer,2009
Chevrolet,Silverado 3500,2004
Aston Martin,Vantage,2010
Maybach,57,2007
GMC,2500,1996
Dodge,Grand Caravan,2012
BMW,X6 M,2010
Toyota,Celica,1978
GMC,Suburban 2500,1998
Lexus,GX,2003
Mazda,929,1991
Ford,Ranger,1997
Mazda,Mazda5,2009
Ford,Ranger,1991
Porsche,911,2002
Mercedes-Benz,CL-Class,2005
Acura,SLX,1996
Oldsmobile,Alero,2001
Toyota,Matrix,2009
BMW,M,2000
Hyundai,Equus,2013
Lexus,RX,2013
Ford,Expedition,2008
Ford,C-MAX Hybrid,2013
Mercedes-Benz,C-Class,2012
Mercury,Topaz,1987
Jeep,Wrangler,2009
Acura,Integra,1997
Jeep,Wrangler,2002
Ford,Taurus,2013
Infiniti,M,2004
Lincoln,Navigator L,2007
Mazda,MX-6,1993
Buick,LaCrosse,2009
Volkswagen,Corrado,1991
Mercedes-Benz,E-Class,2005
Mitsubishi,Diamante,2004
Pontiac,Daewoo Kalos,2005
Suzuki,Swift,1996
Infiniti,QX,1999
Hyundai,Elantra,2003
Ford,Mustang,2003
Nissan,Altima,2004
BMW,525,2003
Mercury,Sable,1995
Pontiac,Grand Prix,1967
Mercedes-Benz,300E,1993
Mercedes-Benz,SL-Class,1991
Pontiac,G6,2006
Toyota,Land Cruiser,2008
Suzuki,XL-7,2008
Pontiac,Torrent,2009
Oldsmobile,Silhouette,1998
Ford,Fusion,2007
Porsche,Cayman,2008
Isuzu,Hombre,1998
Volvo,S70,2000
Volkswagen,rio,1995
Buick,Regal,1987
GMC,Savana 3500,2008
Mazda,929,1991
Dodge,Intrepid,1999
Dodge,Intrepid,2001
Ford,Thunderbird,1985
Mitsubishi,Pajero,2001
Mazda,MPV,1995
Subaru,Leone,1988
Aston Martin,Vanquish S,2005
Mitsubishi,Montero Sport,2000
Mazda,B-Series,1988
Mercedes-Benz,M-Class,2002
Volvo,XC90,2010
GMC,Savana 3500,2001
Maybach,Landaulet,2009
Audi,S4,2013
Ford,Explorer,1996
Dodge,Ram 1500,2004
Chevrolet,Camaro,1985
Jeep,Grand Cherokee,2003
Infiniti,G35,2003
Volkswagen,GTI,2011
Land Rover,Range Rover,1996
Mercury,Cougar,1985
Aston Martin,V8 Vantage,2009
Chevrolet,Express,2011
Kia,Spectra,2003
BMW,M5,2008
Eagle,Talon,1998
Mercedes-Benz,CL-Class,2010
Toyota,4Runner,1995
Dodge,Dakota,2005
Dodge,Daytona,1993
Honda,CR-V,2002
Dodge,Neon,2005
Chevrolet,Astro,1994
Buick,Lucerne,2011
Volkswagen,Golf,1987
Mercedes-Benz,SLK-Class,2003
Ford,EXP,1988
Lexus,SC,2009
Dodge,Viper,2003
Infiniti,EX,2008
Chevrolet,Silverado,2008
Oldsmobile,LSS,1998
Porsche,928,1991
Volkswagen,New Beetle,2009
Suzuki,Daewoo Lacetti,2006
Volvo,S60,2011
Chevrolet,Caprice Classic,1994
MINI,Cooper,2009
Mercedes-Benz,E-Class,2005
Dodge,Avenger,2010
BMW,760,2005
BMW,X3,2011
Mercedes-Benz,CL65 AMG,2009
Mazda,MPV,2003
Volvo,C70,2007
BMW,545,2005
Nissan,200SX,1995
BMW,3 Series,1995
Ford,F350,2005
Saturn,Outlook,2008
Ford,Mustang,1969
Infiniti,QX,2001
Honda,Accord,2001
Nissan,Sentra,2006
Chevrolet,Express 2500,2001
Pontiac,GTO,2005
Volkswagen,Routan,2011
Volkswagen,Passat,2000
Ford,Thunderbird,1983
Plymouth,Voyager,1993
Honda,Odyssey,1997
Rolls-Royce,Phantom,2005
Cadillac,Fleetwood,1993
Mazda,Mazda5,2009
Lincoln,Continental,1999
Ford,Explorer Sport,2003
Nissan,Maxima,1994
Land Rover,Discovery,2002
Chevrolet,Tahoe,2000
Chevrolet,HHR,2009
Dodge,Ram 3500,2009
Lexus,IS,2005
Audi,100,1991
Dodge,Grand Caravan,1995
Ford,E250,2005
Subaru,Legacy,1992
Honda,Accord,2003
Kia,Mentor,1997
Chevrolet,Impala,2003
Dodge,Dynasty,1993
Dodge,Ram Van 3500,1998
Mercedes-Benz,G-Class,2006
Bentley,Continental GTC,2012
Toyota,4Runner,2010
Subaru,Baja,2005
Mitsubishi,Starion,1986
Aston Martin,Vanquish S,2005
Cadillac,Eldorado,1994
Volkswagen,Rabbit,2008
GMC,Yukon XL 2500,2001
Volvo,C70,2007
Hummer,H1,2000
Volkswagen,rio,2000
Land Rover,LR4,2012
Mitsubishi,Diamante,2003
Honda,Element,2007
Chevrolet,Silverado 1500,1999
Pontiac,Aztek,2005
GMC,Safari,1994
Lexus,SC,1997
Dodge,Ram,2010
BMW,M6,2007
Audi,Cabriolet,1997
Hummer,H1,2004
Toyota,Tacoma,2001
Infiniti,I,2002
Porsche,Cayenne,2004
GMC,Sierra 2500,2010
Dodge,Ram Wagon B150,1993
Mitsubishi,GTO,1990
GMC,Savana 3500,1996
Mercedes-Benz,SLK-Class,2005
Nissan,Titan,2010
Mercedes-Benz,CLK-Class,2008
Ford,F250,2005
Acura,TL,1998
Lexus,LS Hybrid,2011
Dodge,Dakota,1998
Pontiac,Firebird Formula,1992
Toyota,Sienna,2003
GMC,Safari,2004
Jeep,Commander,2008
Honda,Passport,1999
Mitsubishi,Truck,1994
Buick,LeSabre,1989
Volvo,S80,2005
Dodge,Ram 3500 Club,1995
Toyota,Corolla,1994
Bugatti,Veyron,2011
Audi,RS4,2008
Ford,Escort,1989
Dodge,D250 Club,1992
Chevrolet,1500,1995
BMW,5 Series,1995
Jaguar,XJ Series,1993
Dodge,Durango,2008
Dodge,Grand Caravan,2012
BMW,M3,2001
Infiniti,QX56,2010
Infiniti,QX,2006
Kia,Rio,2010
Mazda,626,1986
Maybach,57,2005
Acura,Integra,1995
Ford,Explorer Sport,2003
Suzuki,Vitara,2003
Honda,Civic,2010
Subaru,Brat,1985
Geo,Prizm,1993
Chrysler,LeBaron,1993
Ford,Escort,1984
Nissan,Murano,2003
Audi,Q5,2012
Aston Martin,Vanquish S,2005
Pontiac,Torrent,2007
Ford,Taurus,2012
Mazda,RX-7,1983
BMW,M5,1993
Toyota,Previa,1992
Mazda,CX-9,2009
BMW,5 Series,2005
Ford,E-Series,2002
Dodge,Ram,2009
Dodge,Ram Van B150,1994
Hyundai,Genesis,2009
Lincoln,Continental,1990
Jaguar,S-Type,2003
Audi,RS 4,2007
Ford,E150,1984
Buick,LaCrosse,2010
Land Rover,Freelander,2010
Subaru,Legacy,1994
Audi,100,1990
Dodge,Ram Van 3500,2001
Volvo,S80,1999
Volkswagen,Fox,1993
Lexus,ES,1992
Saab,900,1994
Lincoln,MKT,2013
Pontiac,Grand Prix,1980
Lamborghini,Countach,1986
Toyota,Land Cruiser,1998
Cadillac,Seville,1995
Suzuki,XL-7,2006
Audi,S5,2011
Lexus,LX,1998
Land Rover,Range Rover Sport,2006
Chevrolet,Avalanche 1500,2003
Buick,Reatta,1990
Volkswagen,GTI,2009
Audi,5000S,1988
Mazda,B-Series,2008
Toyota,Prius,2001
Mitsubishi,Eclipse,1994
Buick,Lucerne,2010
Mitsubishi,Space,1984
Ford,Fusion,2008
Infiniti,QX,1997
Porsche,911,1992
Plymouth,Colt,1994
GMC,2500,1996
Hyundai,Santa Fe,2001
Isuzu,Hombre Space,2000
Ford,F150,2009
Ford,Explorer Sport Trac,2005
Jaguar,XK Series,2000
Chevrolet,Malibu,2008
Volvo,V70,2002
Subaru,Forester,2002
Toyota,Tercel,1997
Mitsubishi,Pajero,2006
Geo,Metro,1992
Volvo,S80,2002
Chevrolet,Corvette,1996
Dodge,Challenger,2008
Mitsubishi,Montero,1996
Mitsubishi,Lancer,2004
Mercury,Monterey,2007
Ford,Taurus,1996
Mitsubishi,Precis,1986
Ford,Econoline E250,1995
Subaru,Legacy,2007
Mitsubishi,Starion,1984
Chevrolet,Silverado 2500,2012
Buick,Coachbuilder,1993
Ford,Ranger,1987
Cadillac,DeVille,1993
BMW,750,2006
Acura,TL,1999
Ford,Windstar,2002
Mazda,RX-7,1990
Mazda,929,1989
Cadillac,SRX,2008
Chevrolet,Cavalier,1995
Dodge,Ram Van B150,1994
BMW,Z4,2003
Hyundai,Elantra,2013
Audi,A6,2008
Mercury,Capri,1992
Hummer,H1,2003
Ford,Escort,1989
GMC,Sierra 3500HD,2006
Pontiac,Gemini,1987
Mazda,MX-6,1997
Audi,A8,2008
Mazda,MX-3,1996
Dodge,Ram 2500,2008
Audi,Coupe GT,1987
BMW,3 Series,2012
Mercury,Mariner,2009
GMC,Sierra 3500,2004
Kia,Rio,2008
Mercedes-Benz,R-Class,2012
Kia,Forte,2010
Chevrolet,HHR,2006
Jaguar,XK Series,2002
Pontiac,Firebird,1987
Hyundai,Azera,2006
Cadillac,Escalade ESV,2006
Mercury,Villager,1996
Mazda,626,1992
Ferrari,599 GTB Fiorano,2009
Nissan,Armada,2008
Ford,F250,2008
Lexus,LS Hybrid,2011
Mitsubishi,Lancer,2008
Mercury,Grand Marquis,1994
Infiniti,QX,1998
Cadillac,Eldorado,1997
Mazda,MX-5,2004
Honda,Insight,2010
Jaguar,XJ Series,1998
Porsche,944,1989
Nissan,Sentra,2003
Chevrolet,Cavalier,2001
Saab,9-3,2004
Subaru,Legacy,2010
BMW,5 Series,2008
GMC,3500,1994
Mitsubishi,Pajero,2003
Dodge,Ram 2500,2004
Toyota,Xtra,1993
Mitsubishi,Chariot,1989
Audi,4000CS Quattro,1987
Saab,9000,1991
Honda,Accord,1998
Lincoln,Navigator L,2008
Mercedes-Benz,SL-Class,1985
Acura,NSX,2002
Plymouth,Breeze,1999
Jaguar,XK Series,2002
GMC,Sierra 2500,2009
Volvo,XC70,2005
Audi,R8,2009
Audi,A8,2011
Volvo,960,1997
Volvo,S80,1999
Lexus,LX,2006
Ford,E-Series,1995
Land Rover,LR3,2006
Ford,Escort,1993
Hyundai,Sonata,1996
Chevrolet,3500,1997
Mitsubishi,Truck,1996
Volkswagen,Cabriolet,1999
BMW,X5,2012
Ford,Expedition EL,2010
Porsche,944,1991
Chevrolet,Express 2500,2004
Toyota,Supra,1993
Plymouth,Voyager,1996
Maserati,Biturbo,1985
Maybach,62,2008
Audi,Q7,2011
Jaguar,XJ Series,1993
Plymouth,Volare,1976
Lexus,LS,2003
Plymouth,Neon,1995
Jeep,Compass,2012
Ford,E-Series,1996
Audi,A5,2009
Geo,Metro,1995
Mercury,Grand Marquis,2001
Chevrolet,2500,2000
Oldsmobile,Silhouette,1996
Chevrolet,1500,1995
Mitsubishi,Pajero,1988
BMW,5 Series,1993
Chevrolet,Corvette,1999
Nissan,Titan,2007
Ford,Expedition EL,2008
GMC,Sonoma,1996
Cadillac,STS-V,2009
Subaru,Forester,2003
Hyundai,Accent,2006
Chevrolet,Impala,2007
Nissan,300ZX,1995
Mercedes-Benz,CL-Class,2011
Volkswagen,Cabriolet,2002
Volkswagen,Eos,2007
Kia,Sportage,2008
Audi,Cabriolet,1994
Lexus,SC,1995
Acura,Legend,1989
Toyota,Cressida,1992
Dodge,Ram Van 3500,2001
BMW,M6,2007
GMC,Yukon XL 1500,2005
Kia,Rio,2008
BMW,6 Series,2006
Acura,RDX,2009
Suzuki,Grand Vitara,2000
Infiniti,Q,1995
Jeep,Cherokee,1998
Subaru,SVX,1995
Audi,TT,2002
Chevrolet,Silverado,2006
Pontiac,Vibe,2008
Lincoln,MKS,2012
Volkswagen,Passat,1993
Acura,NSX,1994
Ford,Transit Connect,2013
Acura,NSX,2003
Mazda,B-Series,2009
Suzuki,Vitara,2001
Lincoln,Continental,1997
Toyota,Prius,2009
Acura,TL,2010
GMC,Vandura 1500,1992
Pontiac,Firefly,1988
Tesla,Roadster,2010
Audi,A4,1999
Audi,A6,2011
Saab,9000,1992
Subaru,Outback,2007
Audi,RS6,2003
Mercury,Cougar,1995
GMC,Canyon,2010
Hyundai,Accent,2005
Ford,Tempo,1985
Honda,Accord,1983
MG,MGB,1977
GMC,Sierra,2008
Mercedes-Benz,SLK-Class,2011
BMW,1 Series,2010
Pontiac,GTO,2004
Toyota,Camry,2012
Volkswagen,Golf,1994
Volkswagen,GTI,1985
Mazda,MX-5,1991
Honda,Ridgeline,2012
Mitsubishi,Truck,1989
Volvo,S80,2005
GMC,Sonoma Club Coupe,1993
Jeep,Cherokee,1995
Porsche,Boxster,1999
GMC,Savana 1500,2001
Dodge,Dakota Club,2003
Nissan,Sentra,2001
Honda,Odyssey,1999
Hyundai,Elantra,2012
Ford,Tempo,1987
Ford,Expedition,2004
Hyundai,Azera,2009
GMC,Rally Wagon 1500,1993
Plymouth,Laser,1992
Mazda,RX-7,1994
Dodge,Dakota,2008
Nissan,Armada,2008
Lincoln,MKX,2013
Ford,F250,2006
Honda,CR-Z,2012
Chevrolet,Malibu,1998
Mitsubishi,i-MiEV,2012
Chevrolet,Aveo,2008
Saab,9-5,2004
Subaru,Impreza,2009
Geo,Tracker,1995
Mercedes-Benz,SLK-Class,2012
Hummer,H3,2010
Lincoln,Navigator L,2008
Honda,S2000,2006
Mercury,Marquis,1985
Acura,SLX,1999
Buick,Electra,1986
Saturn,Ion,2005
Ford,Ranger,1994
Dodge,Ram Van 3500,2000
Chevrolet,Suburban,2007
Ford,F150,2007
Studebaker,Avanti,1964
Studebaker,Avanti,1964
Suzuki,SJ,1988
Suzuki,SJ,1991
Chevrolet,Express 2500,2001
Mitsubishi,Mighty Max,1992
Jeep,Grand Cherokee,1998
Audi,S8,2008
Acura,TL,2006
Ford,F-Series,1985
Ford,Tempo,1985
Lincoln,Continental,1999
Volkswagen,riolet,1993
BMW,760,2005
Chevrolet,Suburban 2500,2011
BMW,7 Series,1998
Land Rover,Freelander,2010
Eagle,Talon,1995
Ford,Expedition,2002
Suzuki,XL7,2008
Volkswagen,Cabriolet,1988
Subaru,Forester,2012
Ford,Contour,1999
Dodge,Magnum,2005
Chevrolet,Tahoe,2003
Plymouth,Acclaim,1993
Chevrolet,Colorado,2004
Mazda,RX-7,1992
Mercury,Cougar,1990
Mazda,B-Series Plus,1996
Chevrolet,Blazer,1996
Bentley,Continental Flying Spur,2007
Volvo,XC70,2007
Mazda,MX-6,1994
Toyota,Highlander,2004
Mazda,RX-7,1995
Chrysler,Sebring,1998
Toyota,Camry,2009
Infiniti,G,2003
Spyker,C8,2006
Oldsmobile,Aurora,1999
Mazda,RX-7,1989
Toyota,Land Cruiser,2002
Land Rover,Range Rover Sport,2011
Subaru,Tribeca,2008
Volkswagen,Type 2,1988
Mercedes-Benz,CLS-Class,2006
Dodge,Ram 3500,2003
Mercury,Tracer,1991
Lincoln,MKT,2011
Chrysler,Pacifica,2008
Mitsubishi,Galant,2005
Hyundai,Veloster,2012
Cadillac,Eldorado,1998
Lotus,Elan,1993
GMC,Sonoma Club Coupe,1996
Chevrolet,Express 1500,2007
Chevrolet,Suburban 1500,2010
BMW,7 Series,2001
Mercury,Capri,1993
Mazda,Mazda6 Sport,2006
Mazda,B-Series,1989
MINI,Countryman,2011
Volkswagen,Golf,1976
Pontiac,Grand Am,1999
Toyota,Tundra,2007
Jeep,Wrangler,1997
Mazda,MX-6,1991
Honda,Odyssey,2012
Mercury,Grand Marquis,1990
Kia,Sedona,2010
Mitsubishi,Diamante,1999
Lamborghini,Gallardo,2003
Toyota,4Runner,2005
Ford,Mustang,2001
Bentley,Azure T,2010
Chrysler,LHS,1999
Audi,S4,2002
Mitsubishi,Mirage,1986
Mazda,Millenia,1996
Honda,Passport,2001
Audi,S5,2011
BMW,M3,1995
Mazda,RX-7,1993
Chevrolet,G-Series G10,1992
Dodge,Ramcharger,1992
Jeep,Grand Cherokee,2001
Pontiac,Montana SV6,2005
Ford,E-Series,2007
Land Rover,Range Rover,2007
Subaru,Legacy,1995
Volvo,XC90,2006
Austin,Mini Cooper,1964
